workload,hardware_profile,model_label,requests,mean_latency_s,mean_total_energy_j,mean_active_device_energy_j,mean_net_gpu_energy_j,mean_cpu_energy_j,mean_gpu_energy_j,gpu_idle_power_w_used,mean_cost_usd,mean_tokens
batch_embeddings,cpu,BGE-M3,6,0.5999795076667548,53.68705896699379,27.090771234460036,0.0,27.090771234460036,26.59628773253375,46.69138954248367,2.6843529483496896e-06,273.3333333333333
batch_embeddings,cpu,Nomic Embed Text,6,0.28106184433348363,20.20030258187121,8.43307342104284,0.0,8.43307342104284,11.767229160828371,46.69138954248367,1.0100151290935605e-06,235.0
batch_embeddings,cpu,Qwen3 Embed 0.6B,6,0.6412561854998179,51.34580061424392,23.974558164316733,0.0,23.974558164316733,27.37124244992718,46.69138954248367,2.567290030712196e-06,229.66666666666666
batch_embeddings,cpu,Qwen3 Embed 4B,6,2.6539499460000875,273.48945692758247,152.36337251983866,0.0,152.36337251983866,121.12608440774379,46.69138954248367,1.3674472846379122e-05,229.66666666666666
batch_embeddings,cpu,mxbai Embed Large,6,0.45475869050005713,41.96371439660372,23.172722140061143,0.0,23.172722140061143,18.790992256542577,46.69138954248367,2.098185719830186e-06,241.66666666666666
batch_embeddings,gpu,BGE-M3,6,0.23021841950010943,9.800278819265007,0.06610868385343414,0.06610868385343414,1.3240514550296074,8.476227364235399,46.69138954248367,4.900139409632503e-07,273.3333333333333
batch_embeddings,gpu,Nomic Embed Text,6,0.7512676398334103,50.36412028222809,13.187539869781922,13.187539869781922,1.6291089655146251,48.73501131671347,46.69138954248367,2.518206014111404e-06,235.0
batch_embeddings,gpu,Qwen3 Embed 0.6B,6,0.3514497216667678,26.161309394440554,7.609992107868641,7.609992107868641,1.6735066691040437,24.487802725336508,46.69138954248367,1.3080654697220274e-06,229.66666666666666
batch_embeddings,gpu,Qwen3 Embed 4B,6,0.4891493625001051,31.902317185913834,6.103834110494791,6.103834110494791,2.462648599600326,29.439668586313505,46.69138954248367,1.5951158592956918e-06,229.66666666666666
batch_embeddings,gpu,mxbai Embed Large,6,0.3194095318333438,24.26524211445511,2.983115893756968,2.983115893756968,5.909270657072189,18.35597145738292,46.69138954248367,1.2132621057227554e-06,241.66666666666666
chat,cpu,Gemma 3 4B,10,3.9298490870000022,388.43437020651265,206.67449864265353,0.0,206.67449864265353,181.75987156385912,46.69138954248366,1.9421718510325635e-05,151.0
chat,cpu,Llama 3.2 3B,10,3.0204738380998606,294.8212553069977,156.5259041184922,0.0,156.5259041184922,138.29535118850555,46.69138954248366,1.4741062765349887e-05,159.6
chat,cpu,Mistral Small 3.2 24B,10,14.247005268699922,1557.611301878204,894.876088641767,0.0,894.876088641767,662.7352132364368,46.69138954248366,7.788056509391019e-05,140.4
chat,cpu,Qwen 3.5 0.8B,10,4.983811263600001,509.95529080923643,280.6571555726394,0.0,280.6571555726394,229.29813523659703,46.69138954248366,2.549776454046182e-05,152.2
chat,cpu,Qwen 3.5 4B,10,12.349698646499997,1325.4014948147953,751.7644919541942,0.0,751.7644919541942,573.637002860601,46.69138954248366,6.627007474073976e-05,152.2
chat,cpu,Qwen 3.5 9B,10,14.606738998099967,1578.4370411023365,899.421424909529,0.0,899.421424909529,679.0156161928076,46.69138954248366,7.892185205511684e-05,152.2
chat,gpu,Gemma 3 4B,10,1.3798282604000633,177.91101153378173,104.84172306017244,104.84172306017244,8.185150790069429,169.7258607437123,46.69138954248366,8.895550576689085e-06,151.0
chat,gpu,Llama 3.2 3B,10,0.8336263865000546,107.62123589861774,64.39888086669797,64.39888086669797,3.833170512717183,103.78806538590057,46.69138954248366,5.381061794930887e-06,159.6
chat,gpu,Mistral Small 3.2 24B,10,2.241902411400088,580.1577801792897,462.681074721295,462.681074721295,12.301376841672996,567.8564033376167,46.69138954248366,2.9007889008964482e-05,140.4
chat,gpu,Qwen 3.5 0.8B,10,1.1099136018000535,96.50686743123505,35.76325165150141,35.76325165150141,8.456830781114851,88.05003665012019,46.69138954248366,4.8253433715617515e-06,152.2
chat,gpu,Qwen 3.5 4B,10,1.5101415446000828,199.44055153056655,119.23098180961692,119.23098180961692,9.24008875415392,190.20046277641262,46.69138954248366,9.972027576528328e-06,152.2
chat,gpu,Qwen 3.5 9B,10,1.688654883299978,286.6429858457692,194.8187378011167,194.8187378011167,12.507829107291851,274.13515673847735,46.69138954248366,1.433214929228846e-05,152.2
classification,cpu,Gemma 3 4B,16,0.7348487965624884,55.880382017985404,24.459053020792208,0.0,24.459053020792208,31.4213289971932,46.69138954248366,2.7940191008992704e-06,68.0
classification,cpu,Llama 3.2 3B,16,0.4267716343125869,34.02220507920196,15.803708131111277,0.0,15.803708131111277,18.218496948090685,46.69138954248366,1.701110253960098e-06,75.125
classification,cpu,Mistral Small 3.2 24B,16,1.5732110788125624,167.88838447262248,96.01819825955889,0.0,96.01819825955889,71.87018621306358,46.69138954248366,8.394419223631122e-06,55.5
classification,cpu,Qwen 3.5 0.8B,16,4.79725242118748,506.31347565833204,283.86063960404226,0.0,283.86063960404226,222.4528360542898,46.69138954248366,2.53156737829166e-05,160.75
classification,cpu,Qwen 3.5 4B,16,12.196260400062414,1328.1924069384831,760.9585329057014,0.0,760.9585329057014,567.2338740327817,46.69138954248366,6.640962034692416e-05,160.75
classification,cpu,Qwen 3.5 9B,16,14.451355831874906,1579.3351833186277,906.69858395261,0.0,906.69858395261,672.6365993660179,46.69138954248366,7.896675916593139e-05,160.75
classification,gpu,Gemma 3 4B,16,0.46397377074995916,27.942458329607124,3.3115067438243724,3.3115067438243724,2.49777020938769,25.444688120219432,46.69138954248366,1.397122916480356e-06,68.0
classification,gpu,Llama 3.2 3B,16,0.22136373068758528,18.484229418761117,6.711564263506687,6.711564263506687,1.1227215014848424,17.361507917276274,46.69138954248366,9.242114709380558e-07,75.0
classification,gpu,Mistral Small 3.2 24B,16,0.2863254822498504,26.75771783419427,11.359251802409789,11.359251802409789,1.5660834513862454,25.191634382808026,46.69138954248366,1.3378858917097135e-06,55.5
classification,gpu,Qwen 3.5 0.8B,16,0.8159227603124464,87.88005275332658,41.56658474403922,41.56658474403922,7.7565422750273445,80.12351047829922,46.69138954248366,4.3940026376663285e-06,160.75
classification,gpu,Qwen 3.5 4B,16,1.1835566111874414,181.86013923437923,117.7956268724919,117.7956268724919,8.331508439132136,173.5286307952471,46.69138954248366,9.093006961718963e-06,160.75
classification,gpu,Qwen 3.5 9B,16,1.3529215480624543,266.8161596142268,194.63388504088644,194.63388504088644,8.545410922828072,258.27074869139875,46.69138954248366,1.3340807980711342e-05,160.75
rag_rank,cpu,BGE-M3,8,0.17979326625010114,7.223532753481594,2.483232608062669,0.0,2.483232608062669,4.740300145418924,46.69138954248366,3.611766376740797e-07,17.0
rag_rank,cpu,Nomic Embed Text,8,0.030400812500090475,5.390450938862319,0.7203509388623184,2.764402532791121,0.7203509388623184,4.670100000000001,46.69138954248366,2.6952254694311594e-07,15.25
rag_rank,cpu,Qwen3 Embed 0.6B,8,0.1268707342498487,7.940744320198221,3.2062874185352546,0.0,3.2062874185352546,4.734456901662967,46.69138954248366,3.970372160099111e-07,13.25
rag_rank,cpu,Qwen3 Embed 4B,8,0.25012710412494243,19.725167163882922,10.303488148109926,0.0,10.303488148109926,9.421679015772998,46.69138954248366,9.862583581941462e-07,13.25
rag_rank,cpu,mxbai Embed Large,8,0.04744347687494605,6.560332267598113,1.8970322675981128,1.9575325110727029,1.8970322675981128,4.6633000000000004,46.69138954248366,3.2801661337990565e-07,15.75
rag_rank,gpu,BGE-M3,8,0.17350634349998012,7.89075759745177,0.0,0.0,2.2485729304347104,5.642184667017059,46.69138954248366,3.9453787987258843e-07,17.0
rag_rank,gpu,Nomic Embed Text,8,0.05351533125002556,9.806450035865897,4.261194152502631,4.261194152502631,2.5971756717965784,7.209274364069318,46.69138954248366,4.903225017932948e-07,15.25
rag_rank,gpu,Qwen3 Embed 0.6B,8,0.10326592112483006,8.117813553509112,2.339211751767135,2.339211751767135,0.4970849395494677,7.620728613959644,46.69138954248366,4.058906776754556e-07,13.25
rag_rank,gpu,Qwen3 Embed 4B,8,0.10976314487510304,9.354661851219493,3.2724499549935944,3.2724499549935944,0.4984838245871786,8.856178026632314,46.69138954248366,4.6773309256097463e-07,13.25
rag_rank,gpu,mxbai Embed Large,8,0.03333990100009029,6.501110407066185,3.8155355354780784,3.8155355354780784,0.678672907066184,5.822437500000001,46.69138954248366,3.250555203533093e-07,15.75
summarization,cpu,Gemma 3 4B,6,4.5096485635000745,465.57997085699975,257.3021432932013,0.0,257.3021432932013,208.27782756379847,46.69138954248367,2.3278998542849985e-05,253.33333333333334
summarization,cpu,Llama 3.2 3B,6,3.3793261501665106,353.65015683963884,197.9510580474464,0.0,197.9510580474464,155.69909879219242,46.69138954248367,1.7682507841981942e-05,262.0
summarization,cpu,Mistral Small 3.2 24B,6,18.617602203999922,2055.223093930517,1187.6885644596266,0.0,1187.6885644596266,867.5345294708906,46.69138954248367,0.00010276115469650103,244.33333333333334
summarization,cpu,Qwen 3.5 0.8B,6,5.070422404499936,536.2785316890661,301.469994969955,0.0,301.469994969955,234.80853671911106,46.69138954248367,2.6813926584453305e-05,255.33333333333334
summarization,cpu,Qwen 3.5 4B,6,13.571548656666664,1478.8815298318852,848.5415965565957,0.0,848.5415965565957,630.3399332752896,46.69138954248367,7.394407649159426e-05,255.33333333333334
summarization,cpu,Qwen 3.5 9B,6,16.42902372066669,1797.7020827321066,1032.5660996456593,0.0,1032.5660996456593,765.1359830864473,46.69138954248367,8.988510413660533e-05,255.33333333333334
summarization,gpu,Gemma 3 4B,6,1.1252218254999964,171.6986513864904,111.96024159492349,111.96024159492349,6.731947169180162,164.96670421731025,46.69138954248367,8.58493256932452e-06,253.33333333333334
summarization,gpu,Llama 3.2 3B,6,0.6512455788333682,109.3813018788379,75.50948720332472,75.50948720332472,3.0002026457259814,106.38109923311193,46.69138954248367,5.469065093941895e-06,262.0
summarization,gpu,Mistral Small 3.2 24B,6,1.8956332861666094,562.9411125563684,464.8099624589723,464.8099624589723,9.156886988008871,553.7842255683595,46.69138954248367,2.814705562781842e-05,244.33333333333334
summarization,gpu,Qwen 3.5 0.8B,6,0.811112538833413,86.73977051270441,42.2105547177591,42.2105547177591,6.196615529575602,80.5431549831288,46.69138954248367,4.3369885256352204e-06,255.33333333333334
summarization,gpu,Qwen 3.5 4B,6,1.2178073805000622,184.87134043458255,116.86006492089406,116.86006492089406,10.221237356745457,174.65010307783712,46.69138954248367,9.243567021729128e-06,255.33333333333334
summarization,gpu,Qwen 3.5 9B,6,1.4141933311667951,268.8000132479635,191.5315349683908,191.5315349683908,10.765255518157474,258.034757729806,46.69138954248367,1.3440000662398176e-05,255.33333333333334
