model_id,model_label,family,architecture,params_b,quantization,precision_bits,hardware_profile,workload,score,is_correct,load_s,total_latency_s,tokens_per_sec,tokens_per_joule,active_tokens_per_joule,estimated_active_tokens_per_joule,active_device_energy_j,measured_active_device_energy_j,estimated_active_device_energy_j,cpu_energy_estimate_j,cpu_energy_measured_j,net_gpu_energy_j,total_energy_j,gpu_power_avg_w,gpu_mem_peak_mb,energy_sample_interval_s,energy_sample_frequency_hz,cost_per_request_usd,input_tokens,output_tokens,total_tokens,cpu_energy_source,gpu_energy_source,cpu_energy_measured,gpu_energy_measured
codellama-13b-q4,CodeLlama 13B Q4,CodeLlama,LLaMA,13.0,q4,4,l40s_gpu,chat_completion,0.7777777777777777,0.3333333333333333,0.021485165333333334,1.8002356489999631,81.23946369854953,0.23713063691430555,0.2783661081697169,,503.46943710325195,503.46943710325195,,31.769228473764844,,503.46943710325195,591.2716468927019,321.7633635477583,21536.625,0.10000000000000002,10.0,0.0007798486349834666,26.666666666666668,140.0,166.66666666666666,tdp_estimate,nvml,False,True
codellama-13b-q4,CodeLlama 13B Q4,CodeLlama,LLaMA,13.0,q4,4,l40s_gpu,code_generation,0.0,0.0,0.024084818,2.298485891000041,81.1586297293702,0.24181819763985618,0.2865843551307482,,628.2182333044063,628.2182333044063,,44.7027217864771,,628.2182333044063,744.458233954563,317.0005217391305,21536.625,0.1,10.0,0.00099511145836425,54.5,180.0,234.5,tdp_estimate,nvml,False,True
codellama-13b-q4,CodeLlama 13B Q4,CodeLlama,LLaMA,13.0,q4,4,l40s_gpu,semantic_search,1.0,1.0,0.024649880000000002,0.3514740913332541,83.54253838738485,0.22278849239735568,0.2740078901736142,,87.64804490828278,87.64804490828278,,9.224089239082224,,87.64804490828278,107.8222967153094,324.8913333333333,21536.625,0.10000000000000002,10.0,0.0001520144624746,143.0,24.0,167.0,tdp_estimate,nvml,False,True
codellama-13b-q4,CodeLlama 13B Q4,CodeLlama,LLaMA,13.0,q4,4,l40s_gpu,summarization,1.0,1.0,0.02114920766666667,1.9226252743333134,81.21454784962175,0.2337932782001255,0.27145348321867413,,552.6302900111588,552.6302900111588,,29.550207009086805,,552.6302900111588,642.0219914681721,321.3043666666667,21536.625,0.10000000000000002,10.0,0.0008333823763789,79.33333333333333,150.0,229.33333333333334,tdp_estimate,nvml,False,True
codellama-7b-fp16,CodeLlama 7B FP16,CodeLlama,LLaMA,7.0,fp16,16,l40s_gpu,chat_completion,0.5555555555555555,0.3333333333333333,0.02150479766666667,2.6935361363333263,53.58816907784276,0.1907179858458314,0.23581841310595655,,593.7241674232146,593.7241674232146,,57.38181594510874,,593.7241674232146,734.9356336202549,259.67832098765433,22098.625,0.10000000000000002,10.0,0.0011592309343199,26.666666666666668,140.0,166.66666666666666,tdp_estimate,nvml,False,True
codellama-7b-fp16,CodeLlama 7B FP16,CodeLlama,LLaMA,7.0,fp16,16,l40s_gpu,code_generation,0.0,0.0,0.0113783965,2.3824632074999954,26.76350908810902,0.09632667493889235,0.11712875697919174,,523.0016352037597,523.0016352037597,,34.44496878278483,,523.0016352037597,631.5958593236489,250.8157142857143,22098.625,0.1,10.0,0.00102444286463285,28.5,90.0,118.5,tdp_estimate,nvml,False,True
codellama-7b-fp16,CodeLlama 7B FP16,CodeLlama,LLaMA,7.0,fp16,16,l40s_gpu,semantic_search,1.0,1.0,0.025104409999999997,1.1722606976666914,55.259179384179305,0.1949440321926941,0.293759883631181,,127.99441886238252,127.99441886238252,,24.033710046628723,,127.99441886238252,188.5192923564172,180.62846153846155,22098.625,0.10000000000000002,10.0,0.0004980448787844334,143.0,24.0,167.0,tdp_estimate,nvml,False,True
codellama-7b-fp16,CodeLlama 7B FP16,CodeLlama,LLaMA,7.0,fp16,16,l40s_gpu,summarization,0.25,0.3333333333333333,0.025072001,2.8799760363332703,53.576385388338515,0.19334846910452078,0.23378349597950446,,641.6844664581312,641.6844664581312,,44.893850117464616,,641.6844664581312,776.2085291081888,260.2474137931035,22098.625,0.10000000000000002,10.0,0.0012389644633998,79.33333333333333,150.0,229.33333333333334,tdp_estimate,nvml,False,True
codellama-7b-q4,CodeLlama 7B Q4,CodeLlama,LLaMA,7.0,q4,4,cpu,chat_completion,0.7777777777777778,0.6666666666666666,0.022486552333333337,15.439289024000118,9.533607183124028,0.0922766872993364,,0.1347270954790699,,,1039.364982997188,1039.364982997188,,0.0,1517.4732345256489,31.066253500488894,610.4375,0.10000000000000002,10.0,0.0009336388301521667,26.666666666666668,140.0,166.66666666666666,tdp_estimate,nvml,False,True
codellama-7b-q4,CodeLlama 7B Q4,CodeLlama,LLaMA,7.0,q4,4,cpu,code_generation,0.5,0.5,0.021497625,20.207357172000002,9.45117373851204,0.0916327902937551,,0.13636276749457868,,,1320.0280056790664,1320.0280056790664,,15.518389517888238,1964.3647506272387,31.900023811881187,610.4375,0.1,10.0,0.0012208737446424,54.5,180.0,234.5,tdp_estimate,nvml,False,True
codellama-7b-q4,CodeLlama 7B Q4,CodeLlama,LLaMA,7.0,q4,4,cpu,semantic_search,1.0,1.0,0.02283763033333333,4.161202626999966,9.761684548317286,0.0675409670849454,,0.0981218627149643,,,297.3851388206682,297.3851388206682,,0.23692400200451877,425.1384998131868,31.210172413793103,610.4375,0.10000000000000002,10.0,0.00025245771886096667,143.0,24.0,167.0,tdp_estimate,nvml,False,True
codellama-7b-q4,CodeLlama 7B Q4,CodeLlama,LLaMA,7.0,q4,4,cpu,summarization,0.3333333333333333,0.3333333333333333,0.022499703,17.713809074666642,9.424070847511883,0.08677138473827417,,0.12712680890043063,,,1180.8984844410354,1180.8984844410354,,0.3564172189014319,1730.6251499174825,31.165604670225004,610.4375,0.10000000000000002,10.0,0.0010706534303106666,79.33333333333333,150.0,229.33333333333334,tdp_estimate,nvml,False,True
codellama-7b-q4,CodeLlama 7B Q4,CodeLlama,LLaMA,7.0,q4,4,l40s_gpu,chat_completion,0.3333333333333333,0.0,0.021715813833333333,1.0029890296666508,149.7944491638601,0.47624952192414544,0.5766378659026473,,243.7216086844279,243.7216086844279,,20.959088211160903,,243.7216086844279,295.9042336270169,293.01362878787876,13318.625,0.10000000000000002,10.0,0.00043288028140353336,26.666666666666668,140.0,166.66666666666666,tdp_estimate,nvml,False,True
codellama-7b-q4,CodeLlama 7B Q4,CodeLlama,LLaMA,7.0,q4,4,l40s_gpu,code_generation,0.2,0.2,0.2451358542,1.4944654541999172,149.67610266474293,0.4862349115949066,0.6329228179564861,,295.5125995983676,295.5125995983676,,28.801412286712768,,295.5125995983676,370.832706338481,262.751775,13318.225,0.1,10.0,0.00064142980398358,53.2,180.0,233.2,tdp_estimate,nvml,False,True
codellama-7b-q4,CodeLlama 7B Q4,CodeLlama,LLaMA,7.0,q4,4,l40s_gpu,semantic_search,1.0,1.0,0.022699411,1.2209976085000183,153.61292846045174,0.551199464221923,1.0065857382155554,,116.61204641087643,116.61204641087643,,21.601027832676106,,116.61204641087643,176.22104942265898,228.02376455026453,13318.625,0.10000000000000002,10.0,0.0005177401686516909,143.0,24.0,167.0,tdp_estimate,nvml,False,True
codellama-7b-q4,CodeLlama 7B Q4,CodeLlama,LLaMA,7.0,q4,4,l40s_gpu,summarization,0.3333333333333333,0.3333333333333333,0.023277965666666667,1.0667147586666488,149.77032150083767,0.46553891893727783,0.5592574062511081,,268.4450359192768,268.4450359192768,,21.15351917084077,,268.4450359192768,322.8054239013141,300.05642424242427,13318.625,0.10000000000000002,10.0,0.0004607822789728,79.33333333333333,150.0,229.33333333333334,tdp_estimate,nvml,False,True
codellama-7b-q8,CodeLlama 7B Q8,CodeLlama,LLaMA,7.0,q8,8,l40s_gpu,chat_completion,0.6666666666666666,0.3333333333333333,0.022509310333333334,1.586902689999988,92.40462145616686,0.31846004628389385,0.384978649594129,,363.66097527518286,363.66097527518286,,26.891947796160007,,363.66097527518286,439.94482064296244,274.2393541666667,16190.625,0.10000000000000002,10.0,0.0006833577754765332,26.666666666666668,140.0,166.66666666666666,tdp_estimate,nvml,False,True
codellama-7b-q8,CodeLlama 7B Q8,CodeLlama,LLaMA,7.0,q8,8,l40s_gpu,code_generation,0.0,0.0,0.0253777585,2.0286486239999704,92.22102087770136,0.30901659300447315,0.3765907336321445,,477.9881577429161,477.9881577429161,,42.44464226656268,,477.9881577429161,583.5725943143696,269.5275952380953,16190.625,0.1,10.0,0.000874624343674,54.5,180.0,234.5,tdp_estimate,nvml,False,True
codellama-7b-q8,CodeLlama 7B Q8,CodeLlama,LLaMA,7.0,q8,8,l40s_gpu,semantic_search,1.0,1.0,0.022747901,0.3051873993333629,95.29395098584958,0.3395565667178348,0.41365669466790206,,62.04631928567144,62.04631928567144,,2.4540078323401815,,62.04631928567144,74.00957741301848,264.1656666666667,16191.958333333334,0.10000000000000002,10.0,0.0001310299228984,143.0,24.0,167.0,tdp_estimate,nvml,False,True
codellama-7b-q8,CodeLlama 7B Q8,CodeLlama,LLaMA,7.0,q8,8,l40s_gpu,summarization,0.08333333333333333,0.0,0.022083303999999998,1.6927025680000345,92.29419386919064,0.32757570950021564,0.40024971055016634,,374.7933049489641,374.7933049489641,,30.955773786987447,,374.7933049489641,458.4359811366656,266.58496078431375,16190.625,0.10000000000000002,10.0,0.0007284026500290001,79.33333333333333,150.0,229.33333333333334,tdp_estimate,nvml,False,True
deepseek-coder-6.7b-q4,DeepSeek Coder 6.7B Q4,DeepSeek Coder,DeepSeek,6.7,q4,4,l40s_gpu,chat_completion,0.7777777777777777,0.3333333333333333,0.033486251,1.0191155589999805,149.24367092354188,0.44498941818054844,0.5190487367683494,,269.9001272806649,269.9001272806649,,13.42696381975321,,269.9001272806649,315.0530409239566,299.9282424242424,13318.625,0.10000000000000002,10.0,0.0004405650638517,94.66666666666667,140.0,234.66666666666666,tdp_estimate,nvml,False,True
deepseek-coder-6.7b-q4,DeepSeek Coder 6.7B Q4,DeepSeek Coder,DeepSeek,6.7,q4,4,l40s_gpu,code_generation,0.5,0.5,0.0430580925,1.2179028639999387,147.88752004544205,0.4331990534250223,0.5292516306236624,,315.1342332056326,315.1342332056326,,30.783414467634614,,315.1342332056326,383.82896999819116,292.69636904761904,13316.625,0.1,10.0,0.00052682637704155,125.0,166.5,291.5,tdp_estimate,nvml,False,True
deepseek-coder-6.7b-q4,DeepSeek Coder 6.7B Q4,DeepSeek Coder,DeepSeek,6.7,q4,4,l40s_gpu,semantic_search,1.0,1.0,0.03339879266666667,0.2149388479999743,153.14883527262828,0.39558871978176136,0.4685167435258551,,51.33505944135741,51.33505944135741,,2.689570212985912,,51.33505944135741,60.72692456345354,285.46933333333334,13318.625,0.10000000000000002,10.0,9.278048567262273e-05,205.33333333333334,24.0,229.33333333333334,tdp_estimate,nvml,False,True
deepseek-coder-6.7b-q4,DeepSeek Coder 6.7B Q4,DeepSeek Coder,DeepSeek,6.7,q4,4,l40s_gpu,summarization,0.8333333333333334,1.0,0.034428799,1.0964644020000378,147.89322699413748,0.47920027859894393,0.5788634272006025,,259.15139059227863,259.15139059227863,,20.61523934186991,,259.15139059227863,313.89973974642686,291.85372727272727,13318.625,0.10000000000000002,10.0,0.00047273941851503335,146.33333333333334,150.0,296.3333333333333,tdp_estimate,nvml,False,True
gemma-2b-q4,Gemma 2B Q4,Gemma,Gemma,2.0,q4,4,l40s_gpu,chat_completion,0.6666666666666666,0.0,0.14870928433333333,0.5976392789999257,325.15379421603944,1.0729906081560994,1.3487058304524773,,94.99922421291836,94.99922421291836,,5.7118650235020985,,94.99922421291836,119.32213893778874,199.08398412698412,3574.625,0.10000000000000002,10.0,0.00025516920264126664,46.0,128.0,174.0,tdp_estimate,nvml,False,True
gemma-2b-q4,Gemma 2B Q4,Gemma,Gemma,2.0,q4,4,l40s_gpu,code_generation,0.0,0.0,0.154000573,0.7154885080000213,323.7742647571732,1.4228011250335935,1.9636081965005319,,87.68230818126575,87.68230818126575,,6.755895080318195,,87.68230818126575,116.71616185553202,172.09859821428572,3574.625,0.1,10.0,0.00030413903850945,72.0,160.5,232.5,tdp_estimate,nvml,False,True
gemma-2b-q4,Gemma 2B Q4,Gemma,Gemma,2.0,q4,4,l40s_gpu,semantic_search,0.6666666666666666,0.6666666666666666,0.16964474533333332,0.21533450966664225,362.8343171441722,0.22657280207968858,0.3896966450054098,,21.348627151245562,21.348627151245562,,8.134173112202388,,21.348627151245562,36.19486681691671,198.53966666666668,3575.2916666666665,0.10000000000000002,10.0,9.168472570189648e-05,143.66666666666666,9.666666666666666,153.33333333333334,tdp_estimate,nvml,False,True
gemma-2b-q4,Gemma 2B Q4,Gemma,Gemma,2.0,q4,4,l40s_gpu,summarization,1.0,1.0,0.14814491100000002,0.40696389733329846,325.8111479697023,1.0317572004519617,1.3530627757423803,,54.52426187243009,54.52426187243009,,3.6455198861179254,,54.52426187243009,70.84722710479043,198.71358333333333,3574.625,0.10000000000000002,10.0,0.0001732941312163,89.33333333333333,72.33333333333333,161.66666666666666,tdp_estimate,nvml,False,True
gemma-7b-fp16,Gemma 7B FP16,Gemma,Gemma,7.0,fp16,16,l40s_gpu,chat_completion,0.8888888888888888,0.6666666666666666,0.162328343,3.3048277773333816,42.368563630313,0.13905681778273793,0.16818793114058128,,770.0480316863977,770.0480316863977,,58.06390242452441,,770.0480316863977,930.9631841213214,269.06884126984124,21738.625,0.10000000000000002,10.0,0.0014237326979559999,46.0,129.33333333333334,175.33333333333334,tdp_estimate,nvml,False,True
gemma-7b-fp16,Gemma 7B FP16,Gemma,Gemma,7.0,fp16,16,l40s_gpu,code_generation,0.0,0.0,0.15354063099999998,3.8590867484998626,42.34548028625226,0.14110785150210714,0.16912110311975498,,903.2131481565691,903.2131481565691,,57.332789557282,,903.2131481565691,1080.6451706703037,268.25213333333335,21738.625,0.1,10.0,0.0016621683456168501,72.0,153.0,225.0,tdp_estimate,nvml,False,True
gemma-7b-fp16,Gemma 7B FP16,Gemma,Gemma,7.0,fp16,16,l40s_gpu,semantic_search,0.6666666666666666,0.6666666666666666,0.15807732366666669,0.6986410019999312,44.001538047740276,0.1294599949831687,0.16409121621108125,,132.9052206432301,132.9052206432301,,14.977808608748013,,132.9052206432301,169.63571149646043,243.92915277777777,21738.625,0.10000000000000002,10.0,0.00029975153349146667,143.66666666666666,21.666666666666668,165.33333333333334,tdp_estimate,nvml,False,True
gemma-7b-fp16,Gemma 7B FP16,Gemma,Gemma,7.0,fp16,16,l40s_gpu,summarization,1.0,1.0,0.1540315436666667,2.18610293166671,42.53800533787313,0.13676001214022804,0.1657445924505412,,503.3006430875107,503.3006430875107,,40.991710425480726,,503.3006430875107,612.3331109399295,262.71447142857147,21738.625,0.10000000000000002,10.0,0.0009416865659635999,89.33333333333333,83.33333333333333,172.66666666666666,tdp_estimate,nvml,False,True
gemma-7b-q4,Gemma 7B Q4,Gemma,Gemma,7.0,q4,4,l40s_gpu,chat_completion,0.8888888888888888,0.6666666666666666,0.15143231999999998,3.6095008633333237,115.6732903746851,0.2787200086208072,0.3561147176395365,,407.7283294109305,407.7283294109305,,61.351695031176895,,407.7283294109305,581.4123429206019,212.2215,10602.625,0.10000000000000002,10.0,0.0015332072435348667,46.0,122.66666666666667,168.66666666666666,tdp_estimate,nvml,False,True
gemma-7b-q4,Gemma 7B Q4,Gemma,Gemma,7.0,q4,4,l40s_gpu,code_generation,0.0,0.0,0.1510490345,1.7953605110000126,115.38409066659054,0.36213131153704353,0.4403572539522456,,408.81581833329744,408.81581833329744,,32.5826187585306,,408.81581833329744,497.2799159629888,273.09680555555553,10602.625,0.1,10.0,0.0007731204214231,72.0,180.0,252.0,tdp_estimate,nvml,False,True
gemma-7b-q4,Gemma 7B Q4,Gemma,Gemma,7.0,q4,4,l40s_gpu,semantic_search,0.6666666666666666,0.6666666666666666,0.18289202699999998,0.4174754403334191,118.61391328526605,0.24699367576335995,0.3276748599730725,,73.95633573864698,73.95633573864698,,11.134293362985291,,73.95633573864698,98.0946007005554,240.26245000000003,10603.958333333334,0.10000000000000002,10.0,0.00017902870642386666,143.66666666666666,24.0,167.66666666666666,tdp_estimate,nvml,False,True
gemma-7b-q4,Gemma 7B Q4,Gemma,Gemma,7.0,q4,4,l40s_gpu,summarization,1.0,1.0,0.15972789066666668,0.9236843753334748,116.16347464907584,0.34856559774388124,0.4256300854016355,,195.9697787456264,195.9697787456264,,17.111103058537193,,195.9697787456264,241.83681420263096,258.19096296296294,10602.625,0.10000000000000002,10.0,0.00039713553723786667,89.33333333333333,82.66666666666667,172.0,tdp_estimate,nvml,False,True
gemma-7b-q8,Gemma 7B Q8,Gemma,Gemma,7.0,q8,8,l40s_gpu,chat_completion,0.8888888888888888,0.6666666666666666,0.15758202133333332,1.9695859406666234,73.95841131611157,0.2308658445727061,0.27776775156694006,,462.7549882283599,462.7549882283599,,34.47450925836332,,462.7549882283599,558.5304084068005,270.0835713012478,13992.625,0.10000000000000002,10.0,0.0008487494731980668,46.0,128.33333333333334,174.33333333333334,tdp_estimate,nvml,False,True
gemma-7b-q8,Gemma 7B Q8,Gemma,Gemma,7.0,q8,8,l40s_gpu,code_generation,0.0,0.0,0.14923755900000002,2.304939091999927,73.81131396478949,0.2323942246483269,0.2832670069697287,,539.1762741924374,539.1762741924374,,45.72100094075592,,539.1762741924374,656.6330881893316,270.7425611111111,13992.625,0.1,10.0,0.0009933785860761,72.0,153.0,225.0,tdp_estimate,nvml,False,True
gemma-7b-q8,Gemma 7B Q8,Gemma,Gemma,7.0,q8,8,l40s_gpu,semantic_search,0.6666666666666666,0.6666666666666666,0.15013249366666667,0.4682847720000609,76.78965307235619,0.20435404073114202,0.2496413104394848,,90.62896469164635,90.62896469164635,,3.9605783360106557,,90.62896469164635,109.17466005592,259.3962666666667,13993.958333333334,0.10000000000000002,10.0,0.00020075434355833332,143.66666666666666,21.666666666666668,165.33333333333334,tdp_estimate,nvml,False,True
gemma-7b-q8,Gemma 7B Q8,Gemma,Gemma,7.0,q8,8,l40s_gpu,summarization,1.0,1.0,0.16536164966666667,1.321939321333275,74.10581095832083,0.22604737745130352,0.28027345763887396,,289.5757070688323,289.5757070688323,,26.71154013528138,,289.5757070688323,357.43637719326426,259.8636047008547,13992.625,0.10000000000000002,10.0,0.0005688611903873333,89.33333333333333,81.33333333333333,170.66666666666666,tdp_estimate,nvml,False,True
granite-code-20b-q4,Granite Code 20B Q4,Granite,Granite,20.0,q4,4,l40s_gpu,chat_completion,0.8888888888888888,0.6666666666666666,0.04253563766666666,1.869170337666598,58.26955172967868,0.1839716858933618,0.21767785198593806,,478.01671650367786,478.01671650367786,,33.681859222351044,,478.01671650367786,569.8762343400329,294.3514008029008,12335.958333333334,0.10000000000000002,10.0,0.0008074962247725,33.0,102.66666666666667,135.66666666666666,tdp_estimate,nvml,False,True
granite-code-20b-q4,Granite Code 20B Q4,Granite,Granite,20.0,q4,4,l40s_gpu,code_generation,0.5,0.5,0.041786442,0.49891178049995233,59.65218079483138,0.21530362209674553,0.25936937252612025,,97.8476703955607,97.8476703955607,,4.004581457415598,,97.8476703955607,117.39085672886074,248.57905000000002,12334.625,0.1,10.0,0.00021393241408635002,59.0,25.0,84.0,tdp_estimate,nvml,False,True
granite-code-20b-q4,Granite Code 20B Q4,Granite,Granite,20.0,q4,4,l40s_gpu,semantic_search,1.0,1.0,0.04197973766666666,0.1362619250000231,72.80706407399201,0.13585413143388883,0.16617434629406042,,24.124885110464607,24.124885110464607,,1.1321084115001077,,24.124885110464607,29.51215669343071,275.6028333333333,12336.625,0.10000000000000002,10.0,5.845250339023131e-05,140.33333333333334,4.0,144.33333333333334,tdp_estimate,nvml,False,True
granite-code-20b-q4,Granite Code 20B Q4,Granite,Granite,20.0,q4,4,l40s_gpu,summarization,0.8333333333333334,1.0,0.04730866266666667,1.6489800346666925,58.20252335480368,0.1763753638190615,0.214566437397651,,416.81250613619574,416.81250613619574,,30.433257659723704,,416.81250613619574,498.5712106902669,289.75709059829063,12334.625,0.10000000000000002,10.0,0.0007121794388678,82.66666666666667,89.66666666666667,172.33333333333334,tdp_estimate,nvml,False,True
granite-code-3b-q4,Granite Code 3B Q4,Granite,Granite,3.0,q4,4,l40s_gpu,chat_completion,0.8888888888888888,0.6666666666666666,0.04693529266666666,0.6108961023333753,246.38382205373077,0.8993996769657236,1.2644646411346356,,100.14328859587754,100.14328859587754,,21.053910533711576,,100.14328859587754,140.2190884373954,222.01100952380955,13418.625,0.10000000000000002,10.0,0.00026171521761623334,33.0,126.0,159.0,tdp_estimate,nvml,False,True
granite-code-3b-q4,Granite Code 3B Q4,Granite,Granite,3.0,q4,4,l40s_gpu,code_generation,0.5,0.5,0.0419716925,0.34860759050002343,248.5614615653945,1.540232408355581,2.2292846751050717,,31.035590018548724,31.035590018548724,,2.79577861149048,,31.035590018548724,44.69282817673184,138.22537499999999,13416.625,0.1,10.0,0.0001476702501588,59.0,68.5,127.5,tdp_estimate,nvml,False,True
granite-code-3b-q4,Granite Code 3B Q4,Granite,Granite,3.0,q4,4,l40s_gpu,semantic_search,0.6666666666666666,0.6666666666666666,0.042938682000000006,0.13181991299999626,261.00738054897937,0.6344914776222607,0.8421029730404378,,89.40931593806135,89.40931593806135,,1.083972070059558,,89.40931593806135,94.60959270571232,233.78633333333335,13418.625,0.10000000000000002,10.0,5.98480517185963e-05,140.33333333333334,17.666666666666668,158.0,tdp_estimate,nvml,False,True
granite-code-3b-q4,Granite Code 3B Q4,Granite,Granite,3.0,q4,4,l40s_gpu,summarization,1.0,1.0,0.043251782999999995,0.46804382633331443,247.72369488716365,1.0184877486266863,1.309630776745854,,72.03635143303823,72.03635143303823,,5.700236029251022,,72.03635143303823,92.31504963759039,213.25036904761905,13416.625,0.10000000000000002,10.0,0.00019982225414853335,82.66666666666667,95.66666666666667,178.33333333333334,tdp_estimate,nvml,False,True
granite-code-8b-q4,Granite Code 8B Q4,Granite,Granite,8.0,q4,4,l40s_gpu,chat_completion,0.8888888888888888,0.6666666666666666,0.04318142366666666,1.1567792153333964,132.42378428752133,0.441816132947789,0.5398052228941445,,259.5339927537412,259.5339927537412,,21.819717497587806,,259.5339927537412,317.36322296910066,267.6938333333333,10325.958333333334,0.10000000000000002,10.0,0.0004980377425372667,33.0,140.0,173.0,tdp_estimate,nvml,False,True
granite-code-8b-q4,Granite Code 8B Q4,Granite,Granite,8.0,q4,4,l40s_gpu,code_generation,0.5,0.5,0.0425012645,0.6157187190000286,133.4836897303221,0.479213307366684,0.5716130104180479,,125.66797535836892,125.66797535836892,,4.869702156627905,,125.66797535836892,149.71228002231123,261.1460714285714,10324.625,0.1,10.0,0.00026423471629274996,59.0,71.5,130.5,tdp_estimate,nvml,False,True
granite-code-8b-q4,Granite Code 8B Q4,Granite,Granite,8.0,q4,4,l40s_gpu,semantic_search,1.0,1.0,0.052485991333333336,0.1092878400000548,153.00630251136272,0.1612222229413068,0.2130281849273705,,23.52189060168722,23.52189060168722,,4.1201393867225535,,23.52189060168722,31.055458172032598,261.64483333333334,10326.625,0.10000000000000002,10.0,4.725878540862923e-05,140.33333333333334,5.0,145.33333333333334,tdp_estimate,nvml,False,True
granite-code-8b-q4,Granite Code 8B Q4,Granite,Granite,8.0,q4,4,l40s_gpu,summarization,1.0,1.0,0.055794595333333336,1.0162069066667148,132.35210746436476,0.42912651190616247,0.5442010324790538,,220.20047732002422,220.20047732002422,,26.246308062251547,,220.20047732002422,278.0811625603166,259.59862279202275,10324.625,0.10000000000000002,10.0,0.00043749030660016666,82.66666666666667,120.0,202.66666666666666,tdp_estimate,nvml,False,True
mistral-7b-q4,Mistral 7B Q4,Mistral,Mistral,7.0,q4,4,l40s_gpu,chat_completion,0.8888888888888888,0.6666666666666666,0.022582053,0.9028678680000061,144.44143571278937,0.45861856181365906,0.5294912973456539,,230.5358955411663,230.5358955411663,,7.2120090527774705,,230.5358955411663,265.85656173013894,296.1949134199134,9534.625,0.10000000000000002,10.0,0.00038966946919753335,30.0,121.33333333333333,151.33333333333334,tdp_estimate,nvml,False,True
mistral-7b-q4,Mistral 7B Q4,Mistral,Mistral,7.0,q4,4,l40s_gpu,code_generation,0.5,0.5,0.0228756555,1.2734697360000382,144.04063478108168,0.44366060227237497,0.5084122767870767,,340.13679428962473,340.13679428962473,,10.004607270175084,,340.13679428962473,389.7830631796187,303.2358324175824,9532.625,0.1,10.0,0.0005502934308673,59.0,173.0,232.0,tdp_estimate,nvml,False,True
mistral-7b-q4,Mistral 7B Q4,Mistral,Mistral,7.0,q4,4,l40s_gpu,semantic_search,1.0,1.0,0.022695549333333332,0.10340054133333366,163.3374875745873,0.1870980511117266,0.2489983666683893,,212.6976311851505,212.6976311851505,,2.7860799760807278,,212.6976311851505,218.71526650468,304.7196666666667,9534.625,0.10000000000000002,10.0,5.4206487353016595e-05,141.66666666666666,9.0,150.66666666666666,tdp_estimate,nvml,False,True
mistral-7b-q4,Mistral 7B Q4,Mistral,Mistral,7.0,q4,4,l40s_gpu,summarization,1.0,1.0,0.022637734333333336,0.820348640666604,144.45305693171426,0.45011198162631266,0.552811385784851,,200.2157273232665,200.2157273232665,,20.69047692197542,,200.2157273232665,246.44801258512288,305.07027976190477,9534.625,0.10000000000000002,10.0,0.0003543287791014334,81.33333333333333,109.33333333333333,190.66666666666666,tdp_estimate,nvml,False,True
mxbai-embed-large,mxbai Embed Large,mixedbread,Embedding,0.0,q4,4,l40s_gpu,embedding_search,1.0,1.0,0.0,0.34886017700000593,76.76732708658675,0.9592919836227546,1.2346920522921723,,78.66042831190002,78.66042831190002,,4.623488479367537,,78.66042831190002,94.16727110127664,92.158,1732.625,0.10000000000000002,10.0,0.00015043714452725256,90.33333333333333,0.0,90.33333333333333,tdp_estimate,nvml,False,True
nomic-embed-text,Nomic Embed Text,Nomic,Embedding,0.0,q4,4,l40s_gpu,embedding_search,1.0,1.0,0.0,2.301658635000043,2.4233361874028994,0.3500950859009568,0.655486226921973,,169.5901319655355,169.5901319655355,,49.54050598895998,,169.5901319655355,290.77596929658205,100.94191166150672,5491.958333333333,0.10000000000000002,10.0,0.0009738741744370334,85.0,0.0,85.0,tdp_estimate,nvml,False,True
phi3-14b-fp16,Phi-3 14B FP16,Phi3,Phi3,14.0,fp16,16,l40s_gpu,chat_completion,0.8888888888888888,0.6666666666666666,0.022199372999999998,5.360270252333294,26.61801652977614,0.09165068874917322,0.11029259397108783,,1269.357316456036,1269.357316456036,,91.40402145654413,,1269.357316456036,1527.5747303603914,270.15483333333333,28440.625,0.10000000000000002,10.0,0.002310020281101333,35.0,140.0,175.0,tdp_estimate,nvml,False,True
phi3-14b-fp16,Phi-3 14B FP16,Phi3,Phi3,14.0,fp16,16,l40s_gpu,code_generation,0.0,0.0,0.021428242,3.686419662999924,26.71885599595462,0.09211491293970275,0.10941204124394543,,878.0324620859722,878.0324620859722,,55.159625221764266,,878.0324620859722,1047.918621109696,270.90514444444443,28440.625,0.1,10.0,0.00158859124730545,62.5,96.0,158.5,tdp_estimate,nvml,False,True
phi3-14b-fp16,Phi-3 14B FP16,Phi3,Phi3,14.0,fp16,16,l40s_gpu,semantic_search,1.0,1.0,0.02185047966666667,0.23098587066670004,32.84714853110737,0.09907807357451653,0.1400740974088174,,37.9240007214299,37.9240007214299,,7.5888339565948115,,37.9240007214299,52.71332100534008,267.76377777777776,28440.625,0.10000000000000002,10.0,9.90506191058169e-05,151.0,5.0,156.0,tdp_estimate,nvml,False,True
phi3-14b-fp16,Phi-3 14B FP16,Phi3,Phi3,14.0,fp16,16,l40s_gpu,summarization,0.9166666666666666,1.0,0.021631596666666666,3.196021443333317,26.7500771277615,0.09151702533275173,0.11026097994974221,,754.5926108397765,754.5926108397765,,57.67712267614163,,754.5926108397765,911.7347444660794,271.33253522985706,28440.625,0.10000000000000002,10.0,0.0013774293275010333,87.33333333333333,83.0,170.33333333333334,tdp_estimate,nvml,False,True
phi3-14b-q4,Phi-3 14B Q4,Phi3,Phi3,14.0,q4,4,l40s_gpu,chat_completion,0.8888888888888888,0.6666666666666666,0.021426903666666667,1.8863358873333407,77.10740873740237,0.2330819999477237,0.2749816066174131,,509.1661914106201,509.1661914106201,,32.965008086739516,,509.1661914106201,600.8435405459105,314.7131403508772,10208.625,0.10000000000000002,10.0,0.0008162040206383,35.0,140.0,175.0,tdp_estimate,nvml,False,True
phi3-14b-q4,Phi-3 14B Q4,Phi3,Phi3,14.0,q4,4,l40s_gpu,code_generation,0.0,0.0,0.021435510999999997,1.24330459600003,77.46242065947658,0.24636300030761538,0.283285606722791,,324.3713702870359,324.3713702870359,,9.654497502748804,,324.3713702870359,372.728350687656,301.691006060606,10208.625,0.1,10.0,0.0005368650346177,62.5,91.5,154.0,tdp_estimate,nvml,False,True
phi3-14b-q4,Phi-3 14B Q4,Phi3,Phi3,14.0,q4,4,l40s_gpu,semantic_search,1.0,1.0,0.021770105,0.1057935779999752,93.33700219109369,0.07363331102531193,0.08456738554637112,,210.30716948148907,210.30716948148907,,0.8743028289193125,,210.30716948148907,214.4860556783658,301.8788333333334,10209.958333333334,0.10000000000000002,10.0,5.497287653388318e-05,151.0,5.0,156.0,tdp_estimate,nvml,False,True
phi3-14b-q4,Phi-3 14B Q4,Phi3,Phi3,14.0,q4,4,l40s_gpu,summarization,0.8333333333333334,1.0,0.025499795333333335,1.0932850696666112,77.44294230971032,0.21843049190003974,0.26110626834390166,,304.94015962339193,304.94015962339193,,26.22470516309983,,304.94015962339193,365.19917292859435,315.4672111111111,10208.625,0.10000000000000002,10.0,0.0004739814297575,87.33333333333333,79.33333333333333,166.66666666666666,tdp_estimate,nvml,False,True
phi3-14b-q8,Phi-3 14B Q8,Phi3,Phi3,14.0,q8,8,l40s_gpu,chat_completion,0.8888888888888888,0.6666666666666666,0.02488209566666667,3.074319285333331,46.847930863675124,0.1450249882577185,0.1714246664577187,,816.7074513529636,816.7074513529636,,53.20465906893654,,816.7074513529636,965.5906482186341,303.23083870967747,16106.625,0.10000000000000002,10.0,0.0013294210151886335,35.0,140.0,175.0,tdp_estimate,nvml,False,True
phi3-14b-q8,Phi-3 14B Q8,Phi3,Phi3,14.0,q8,8,l40s_gpu,code_generation,0.0,0.0,0.0221067465,2.111971525499939,47.08699034513566,0.15343452129240645,0.17685393680047723,,544.1338228438146,544.1338228438146,,17.11775383082928,,544.1338228438146,626.9851143088417,296.67627262443443,16106.625,0.1,10.0,0.0009115253517569999,62.5,96.0,158.5,tdp_estimate,nvml,False,True
phi3-14b-q8,Phi-3 14B Q8,Phi3,Phi3,14.0,q8,8,l40s_gpu,semantic_search,1.0,1.0,0.021793250333333333,0.14985197433338723,57.29924025442289,0.1511584915587143,0.1945708952342089,,25.815201027435155,25.815201027435155,,2.6943254243823644,,25.815201027435155,33.18613399615753,295.9926666666667,16106.625,0.10000000000000002,10.0,6.427936822764888e-05,151.0,5.0,156.0,tdp_estimate,nvml,False,True
phi3-14b-q8,Phi-3 14B Q8,Phi3,Phi3,14.0,q8,8,l40s_gpu,summarization,0.9166666666666666,1.0,0.024238939666666667,1.7628356649999357,47.049211689954355,0.14360640934768845,0.17068591033598898,,464.34295914464116,464.34295914464116,,35.01661409435827,,464.34295914464116,554.2266807503385,304.29099342105263,16106.625,0.10000000000000002,10.0,0.0007623852650096666,87.33333333333333,79.33333333333333,166.66666666666666,tdp_estimate,nvml,False,True
phi3-3.8b-q4,Phi-3 3.8B Q4,Phi3,Phi3,3.8,q4,4,l40s_gpu,chat_completion,0.8888888888888888,0.6666666666666666,0.021627651666666668,0.6674384176666687,230.99179149865424,0.8202792825263963,0.9685888342975405,,144.59063016611478,144.59063016611478,,5.3355507846176495,,144.59063016611478,170.71050434684392,274.44619047619045,5005.958333333333,0.10000000000000002,10.0,0.0002868388888284333,35.0,140.0,175.0,tdp_estimate,nvml,False,True
phi3-3.8b-q4,Phi-3 3.8B Q4,Phi3,Phi3,3.8,q4,4,l40s_gpu,code_generation,0.5,0.5,0.02120962,0.45362860949990136,231.27240371860003,1.1304996487394972,1.4985124883263579,,68.5115332894157,68.5115332894157,,6.704193908065688,,68.5115332894157,89.34421120693119,195.11599999999999,5004.625,0.1,10.0,0.00019364847701865,62.5,93.5,156.0,tdp_estimate,nvml,False,True
phi3-3.8b-q4,Phi-3 3.8B Q4,Phi3,Phi3,3.8,q4,4,l40s_gpu,semantic_search,1.0,1.0,0.020642066333333334,0.054478823999867566,265.6861090649104,0.017792002301647066,0.01793069591987037,,279.05970066470326,279.05970066470326,,0.4592879574409017,,279.05970066470326,281.22762129077427,280.7683333333334,5006.625,0.10000000000000002,10.0,3.694007717569459e-05,151.0,5.0,156.0,tdp_estimate,nvml,False,True
phi3-3.8b-q4,Phi-3 3.8B Q4,Phi3,Phi3,3.8,q4,4,l40s_gpu,summarization,0.8333333333333334,1.0,0.021736354333333333,0.6195401926666667,230.18718199634077,0.7115617257165304,0.9168970968676818,,140.94120312797995,140.94120312797995,,20.795239642257602,,140.94120312797995,181.02689664255365,265.7105666666667,5004.625,0.10000000000000002,10.0,0.0002673517039987,87.33333333333333,129.0,216.33333333333334,tdp_estimate,nvml,False,True
