workload,model_label,model,hardware_profile,hardware_label,request_wall_s,network_s,tokenization_s,inference_s,postprocess_s,total_latency_s,input_tokens,output_tokens,total_tokens,cpu_energy_j,gpu_energy_j,gpu_idle_power_w_used,net_gpu_energy_j,total_energy_j,api_cost_usd,energy_cost_usd,hardware_cost_usd,total_cost_usd,cost_per_1k_tokens_usd,energy_j_per_1k_tokens,active_device_energy_j,active_device_energy_j_per_1k_tokens,accuracy,series_label
batch_embeddings,BGE-M3,bge-m3:latest,cpu,CPU / num_gpu=0,0.5999785511667142,0.0021458113333807836,0.0,0.5978327398333333,9.565000406534334e-07,0.5999795076667548,273.3333333333333,0.0,273.3333333333333,27.090771234460036,26.59628773253375,46.69138954248367,0.0,53.68705896699379,0.0,2.6843529483496896e-06,0.0,2.6843529483496896e-06,9.88506041245031e-06,197.7012082490062,27.090771234460036,98.67739676994488,,BGE-M3 | CPU / num_gpu=0
batch_embeddings,BGE-M3,bge-m3:latest,gpu,A100 40GB / Ollama GPU,0.23021759966673014,0.00197571650006345,0.0,0.2282418831666667,8.198333792582465e-07,0.23021841950010943,273.3333333333333,0.0,273.3333333333333,1.3240514550296074,8.476227364235399,46.69138954248367,0.06610868385343416,9.800278819265007,0.0,4.900139409632503e-07,0.0,4.900139409632503e-07,1.7380159752346929e-06,34.76031950469386,0.06610868385343416,0.17535459908072723,,BGE-M3 | A100 40GB / Ollama GPU
batch_embeddings,Nomic Embed Text,nomic-embed-text:latest,cpu,CPU / num_gpu=0,0.2810608341667375,0.0019197211667374998,0.0,0.279141113,1.0101667461033987e-06,0.28106184433348363,235.0,0.0,235.0,8.43307342104284,11.767229160828371,46.69138954248367,0.0,20.20030258187121,0.0,1.0100151290935605e-06,0.0,1.0100151290935605e-06,4.472883666866373e-06,89.45767333732748,8.43307342104284,36.20697092509089,,Nomic Embed Text | CPU / num_gpu=0
batch_embeddings,Nomic Embed Text,nomic-embed-text:latest,gpu,A100 40GB / Ollama GPU,0.7512669646666836,0.0017654073333502832,0.0,0.7495015573333333,6.751667266750397e-07,0.7512676398334103,235.0,0.0,235.0,1.6291089655146251,48.73501131671347,46.69138954248367,13.187539869781922,50.36412028222809,0.0,2.518206014111404e-06,0.0,2.518206014111404e-06,1.2294617151756199e-05,245.89234303512396,13.187539869781922,63.55022027738766,,Nomic Embed Text | A100 40GB / Ollama GPU
batch_embeddings,Qwen3 Embed 0.6B,qwen3-embedding:0.6b,cpu,CPU / num_gpu=0,0.6412552721665937,0.002008311333260283,0.0,0.6392469608333333,9.133332241617609e-07,0.6412561854998179,229.66666666666666,0.0,229.66666666666666,23.974558164316733,27.37124244992718,46.69138954248367,0.0,51.34580061424392,0.0,2.567290030712196e-06,0.0,2.567290030712196e-06,1.1728460912093023e-05,234.56921824186045,23.974558164316733,106.27238085239794,,Qwen3 Embed 0.6B | CPU / num_gpu=0
batch_embeddings,Qwen3 Embed 0.6B,qwen3-embedding:0.6b,gpu,A100 40GB / Ollama GPU,0.35144903966670427,0.0019295558333708833,0.0,0.3495194838333333,6.820000635343604e-07,0.3514497216667678,229.66666666666666,0.0,229.66666666666666,1.6735066691040437,24.487802725336508,46.69138954248367,7.609992107868641,26.161309394440554,0.0,1.3080654697220274e-06,0.0,1.3080654697220274e-06,6.499866928803074e-06,129.9973385760615,7.609992107868641,38.046268621997896,,Qwen3 Embed 0.6B | A100 40GB / Ollama GPU
batch_embeddings,Qwen3 Embed 4B,qwen3-embedding:4b,cpu,CPU / num_gpu=0,2.65394912100002,0.0026393273333534997,0.0,2.6513097936666665,8.250000670765681e-07,2.6539499460000875,229.66666666666666,0.0,229.66666666666666,152.36337251983866,121.12608440774379,46.69138954248367,0.0,273.48945692758247,0.0,1.3674472846379122e-05,0.0,1.3674472846379122e-05,6.047198788576271e-05,1209.4397577152545,152.36337251983866,670.0462781087541,,Qwen3 Embed 4B | CPU / num_gpu=0
batch_embeddings,Qwen3 Embed 4B,qwen3-embedding:4b,gpu,A100 40GB / Ollama GPU,0.4891485843334067,0.002433030000073317,0.0,0.4867155543333333,7.781666984859233e-07,0.4891493625001051,229.66666666666666,0.0,229.66666666666666,2.462648599600326,29.439668586313505,46.69138954248367,6.103834110494791,31.902317185913834,0.0,1.5951158592956918e-06,0.0,1.5951158592956918e-06,7.920589673178212e-06,158.41179346356424,6.103834110494791,30.403265762171188,,Qwen3 Embed 4B | A100 40GB / Ollama GPU
batch_embeddings,mxbai Embed Large,mxbai-embed-large:latest,cpu,CPU / num_gpu=0,0.4547578356667448,0.0021235430000781166,0.0,0.45263429266666666,8.548333122841237e-07,0.45475869050005713,241.66666666666666,0.0,241.66666666666666,23.172722140061143,18.790992256542577,46.69138954248367,0.0,41.96371439660372,0.0,2.098185719830186e-06,0.0,2.098185719830186e-06,8.623465576756984e-06,172.4693115351397,23.172722140061143,94.94030659129538,,mxbai Embed Large | CPU / num_gpu=0
batch_embeddings,mxbai Embed Large,mxbai-embed-large:latest,gpu,A100 40GB / Ollama GPU,0.31940876999995754,0.0016604873332908335,0.0,0.31774828266666666,7.618333863016838e-07,0.3194095318333438,241.66666666666666,0.0,241.66666666666666,5.909270657072189,18.35597145738292,46.69138954248367,2.983115893756968,24.26524211445511,0.0,1.2132621057227554e-06,0.0,1.2132621057227554e-06,5.433730477468052e-06,108.67460954936108,2.983115893756968,13.208891250016498,,mxbai Embed Large | A100 40GB / Ollama GPU
chat,Gemma 3 4B,gemma3:4b,cpu,CPU / num_gpu=0,3.9298462259999725,0.00310171979997226,0.2794737851,3.6472707211,2.861000029952265e-06,3.9298490870000022,55.0,96.0,151.0,206.67449864265353,181.75987156385912,46.69138954248366,0.0,388.43437020651265,0.0,1.9421718510325635e-05,0.0,1.9421718510325635e-05,0.00012862103540175001,2572.4207080359256,206.67449864265353,1369.2802900543918,,Gemma 3 4B | CPU / num_gpu=0
chat,Gemma 3 4B,gemma3:4b,gpu,A100 40GB / Ollama GPU,1.3798264545000165,0.00269497260001651,0.016870665200000003,1.3602608166999999,1.8059000467474108e-06,1.3798282604000633,55.0,96.0,151.0,8.185150790069429,169.7258607437123,46.69138954248366,104.84172306017244,177.91101153378173,0.0,8.895550576689085e-06,0.0,8.895550576689085e-06,5.886669007468962e-05,1177.3338014939018,104.84172306017244,694.5617596893055,,Gemma 3 4B | A100 40GB / Ollama GPU
chat,Llama 3.2 3B,llama3.2:3b,cpu,CPU / num_gpu=0,3.0204719709999153,0.0019981207999152,0.22575508979999998,2.7927187604,1.867099945229711e-06,3.0204738380998606,63.6,96.0,159.6,156.5259041184922,138.29535118850555,46.69138954248366,0.0,294.8212553069977,0.0,1.4741062765349887e-05,0.0,1.4741062765349887e-05,9.22893612037305e-05,1845.7872240746888,156.5259041184922,980.7669769272754,,Llama 3.2 3B | CPU / num_gpu=0
chat,Llama 3.2 3B,llama3.2:3b,gpu,A100 40GB / Ollama GPU,0.8336246055000629,0.00201496640006286,0.012749914900000001,0.8188597242,1.7809999917517416e-06,0.8336263865000546,63.6,96.0,159.6,3.833170512717183,103.78806538590057,46.69138954248366,64.39888086669797,107.62123589861774,0.0,5.381061794930887e-06,0.0,5.381061794930887e-06,3.369635551364142e-05,673.9271102728284,64.39888086669797,404.2034959873429,,Llama 3.2 3B | A100 40GB / Ollama GPU
chat,Mistral Small 3.2 24B,mistral-small3.2:24b,cpu,CPU / num_gpu=0,14.247002863399938,0.00494321199993853,1.441420565,12.8006390864,2.405299983365694e-06,14.247005268699922,44.4,96.0,140.4,894.876088641767,662.7352132364368,46.69138954248366,0.0,1557.611301878204,0.0,7.788056509391019e-05,0.0,7.788056509391019e-05,0.00055479855293981,11095.971058797213,894.876088641767,6375.521328491681,,Mistral Small 3.2 24B | CPU / num_gpu=0
chat,Mistral Small 3.2 24B,mistral-small3.2:24b,gpu,A100 40GB / Ollama GPU,2.2419003824000354,0.00286359720003558,0.0394669241,2.1995698610999996,2.0290000520617467e-06,2.241902411400088,44.4,96.0,140.4,12.301376841672996,567.8564033376167,46.69138954248366,462.681074721295,580.1577801792897,0.0,2.9007889008964482e-05,0.0,2.9007889008964482e-05,0.00020667945166715998,4133.5890333442085,462.681074721295,3299.5403560123405,,Mistral Small 3.2 24B | A100 40GB / Ollama GPU
chat,Qwen 3.5 0.8B,qwen3.5:0.8b,cpu,CPU / num_gpu=0,4.983809326800019,0.00287375790001934,0.1804967043,4.800438864599999,1.9367999811947812e-06,4.983811263600001,56.2,96.0,152.2,280.6571555726394,229.29813523659703,46.69138954248366,0.0,509.95529080923643,0.0,2.549776454046182e-05,0.0,2.549776454046182e-05,0.00016766695946350001,3353.339189270681,280.6571555726394,1846.243108224445,,Qwen 3.5 0.8B | CPU / num_gpu=0
chat,Qwen 3.5 0.8B,qwen3.5:0.8b,gpu,A100 40GB / Ollama GPU,1.1099115458999678,0.00264772979996764,0.0375211563,1.0697426598,2.0559000859066144e-06,1.1099136018000535,56.2,96.0,152.2,8.456830781114851,88.05003665012019,46.69138954248366,35.76325165150141,96.50686743123505,0.0,4.8253433715617515e-06,0.0,4.8253433715617515e-06,3.1645674263993535e-05,632.9134852798708,35.76325165150141,235.69100753755365,,Qwen 3.5 0.8B | A100 40GB / Ollama GPU
chat,Qwen 3.5 4B,qwen3.5:4b,cpu,CPU / num_gpu=0,12.34969668870001,0.00292959310000974,0.7639155766,11.582851518999998,1.9577999864850427e-06,12.349698646499997,56.2,96.0,152.2,751.7644919541942,573.637002860601,46.69138954248366,0.0,1325.4014948147953,0.0,6.627007474073976e-05,0.0,6.627007474073976e-05,0.00043576737217395,8715.347443479914,751.7644919541942,4944.252272235752,,Qwen 3.5 4B | CPU / num_gpu=0
chat,Qwen 3.5 4B,qwen3.5:4b,gpu,A100 40GB / Ollama GPU,1.5101393653001196,0.00311828750011959,0.0434660754,1.4635550024000001,2.1792999632452847e-06,1.5101415446000828,56.2,96.0,152.2,9.24008875415392,190.20046277641262,46.69138954248366,119.23098180961692,199.44055153056655,0.0,9.972027576528328e-06,0.0,9.972027576528328e-06,6.545113104504388e-05,1309.0226209009525,119.23098180961692,783.4497419172721,,Qwen 3.5 4B | A100 40GB / Ollama GPU
chat,Qwen 3.5 9B,qwen3.5:9b,cpu,CPU / num_gpu=0,14.606734515200014,0.00324924990001434,1.1832278953,13.420257369999998,4.482899953472952e-06,14.606738998099967,56.2,96.0,152.2,899.421424909529,679.0156161928076,46.69138954248366,0.0,1578.4370411023365,0.0,7.892185205511684e-05,0.0,7.892185205511684e-05,0.0005189337612051,10378.675224103008,899.421424909529,5914.721106641616,,Qwen 3.5 9B | CPU / num_gpu=0
chat,Qwen 3.5 9B,qwen3.5:9b,gpu,A100 40GB / Ollama GPU,1.6886527011999533,0.00257770579995328,0.0692719282,1.6168030672,2.182100024583633e-06,1.688654883299978,56.2,96.0,152.2,12.507829107291851,274.13515673847735,46.69138954248366,194.8187378011167,286.6429858457692,0.0,1.433214929228846e-05,0.0,1.433214929228846e-05,9.416127255432404e-05,1883.2254510865246,194.8187378011167,1281.0465805688502,,Qwen 3.5 9B | A100 40GB / Ollama GPU
classification,Gemma 3 4B,gemma3:4b,cpu,CPU / num_gpu=0,0.7348418089999882,0.0026730658124881437,0.237036433,0.4951323101875,6.987562500171407e-06,0.7348487965624884,64.75,3.25,68.0,24.459053020792208,31.4213289971932,46.69138954248366,0.0,55.880382017985404,0.0,2.7940191008992704e-06,0.0,2.7940191008992704e-06,4.1046831658295e-05,820.9366331659,24.459053020792208,359.1520190216881,0.75,Gemma 3 4B | CPU / num_gpu=0
classification,Gemma 3 4B,gemma3:4b,gpu,A100 40GB / Ollama GPU,0.4639678805624783,0.0020809103124782373,0.0196201181875,0.4422668520625,5.890187480872555e-06,0.46397377074995916,64.75,3.25,68.0,2.49777020938769,25.444688120219432,46.69138954248366,3.3115067438243724,27.942458329607124,0.0,1.397122916480356e-06,0.0,1.397122916480356e-06,2.060035057212489e-05,412.0070114424978,3.3115067438243724,49.41658609397325,0.75,Gemma 3 4B | A100 40GB / Ollama GPU
classification,Llama 3.2 3B,llama3.2:3b,cpu,CPU / num_gpu=0,0.4267658260625637,0.0018378866250637,0.188057929375,0.23687001006249997,5.808250023164874e-06,0.4267716343125869,72.625,2.5,75.125,15.803708131111277,18.218496948090685,46.69138954248366,0.0,34.02220507920196,0.0,1.701110253960098e-06,0.0,1.701110253960098e-06,2.2544473049773855e-05,450.8894609954771,15.803708131111277,209.09646060960264,0.5,Llama 3.2 3B | CPU / num_gpu=0
classification,Llama 3.2 3B,llama3.2:3b,gpu,A100 40GB / Ollama GPU,0.2213567575000752,0.0017650642500751563,0.0124331188125,0.20715857443749996,6.973187510084244e-06,0.22136373068758528,72.625,2.375,75.0,1.1227215014848424,17.361507917276274,46.69138954248366,6.711564263506687,18.484229418761117,0.0,9.242114709380558e-07,0.0,9.242114709380558e-07,1.2345694451713031e-05,246.91388903426062,6.711564263506687,89.76161236526984,0.6875,Llama 3.2 3B | A100 40GB / Ollama GPU
classification,Mistral Small 3.2 24B,mistral-small3.2:24b,cpu,CPU / num_gpu=0,1.5732035485625886,0.0034354924375885314,1.14221441,0.427553646125,7.530249973797254e-06,1.5732110788125624,53.0,2.5,55.5,96.01819825955889,71.87018621306358,46.69138954248366,0.0,167.88838447262248,0.0,8.394419223631122e-06,0.0,8.394419223631122e-06,0.00015115521300585627,3023.1042601182817,96.01819825955889,1728.5890551904831,1.0,Mistral Small 3.2 24B | CPU / num_gpu=0
classification,Mistral Small 3.2 24B,mistral-small3.2:24b,gpu,A100 40GB / Ollama GPU,0.28631978656238743,0.0023927168123873874,0.0387412356875,0.2451858340625,5.695687463003196e-06,0.2863254822498504,53.0,2.5,55.5,1.5660834513862454,25.191634382808026,46.69138954248366,11.359251802409789,26.75771783419427,0.0,1.3378858917097135e-06,0.0,1.3378858917097135e-06,2.417827106309468e-05,483.5654212618936,11.359251802409789,205.42161107281922,1.0,Mistral Small 3.2 24B | A100 40GB / Ollama GPU
classification,Qwen 3.5 0.8B,qwen3.5:0.8b,cpu,CPU / num_gpu=0,4.797247428687484,0.0027100673749840937,0.22184274643750002,4.572694614875,4.992499995637445e-06,4.79725242118748,64.75,96.0,160.75,283.86063960404226,222.4528360542898,46.69138954248366,0.0,506.31347565833204,0.0,2.53156737829166e-05,0.0,2.53156737829166e-05,0.00015750635406988126,3150.127081398668,283.86063960404226,1766.1015159843164,0.0,Qwen 3.5 0.8B | CPU / num_gpu=0
classification,Qwen 3.5 0.8B,qwen3.5:0.8b,gpu,A100 40GB / Ollama GPU,0.8159150188124613,0.00255762518746125,0.046422174000000004,0.766935219625,7.741499985058908e-06,0.8159227603124464,64.75,96.0,160.75,7.7565422750273445,80.12351047829922,46.69138954248366,41.56658474403922,87.88005275332658,0.0,4.3940026376663285e-06,0.0,4.3940026376663285e-06,2.7341420403744072e-05,546.8284080748815,41.56658474403922,258.71890568201655,0.0,Qwen 3.5 0.8B | A100 40GB / Ollama GPU
classification,Qwen 3.5 4B,qwen3.5:4b,cpu,CPU / num_gpu=0,12.196255676124906,0.0032688553124059,0.9185304219375,11.274456398875,4.723937507833398e-06,12.196260400062414,64.75,96.0,160.75,760.9585329057014,567.2338740327817,46.69138954248366,0.0,1328.1924069384831,0.0,6.640962034692416e-05,0.0,6.640962034692416e-05,0.000413163196285125,8263.263925703399,760.9585329057014,4734.282810655848,0.0,Qwen 3.5 4B | CPU / num_gpu=0
classification,Qwen 3.5 4B,qwen3.5:4b,gpu,A100 40GB / Ollama GPU,1.1835519737499567,0.00251628606245665,0.0538318078125,1.127203879875,4.637437484689144e-06,1.1835566111874414,64.75,96.0,160.75,8.331508439132136,173.5286307952471,46.69138954248366,117.7956268724919,181.86013923437923,0.0,9.093006961718963e-06,0.0,9.093006961718963e-06,5.657307885253014e-05,1131.4615770506027,117.7956268724919,732.9165835544676,0.0,Qwen 3.5 4B | A100 40GB / Ollama GPU
classification,Qwen 3.5 9B,qwen3.5:9b,cpu,CPU / num_gpu=0,14.451351242749979,0.0032506895624789312,1.4095643481875,13.038536205,4.589124927179e-06,14.451355831874906,64.75,96.0,160.75,906.69858395261,672.6365993660179,46.69138954248366,0.0,1579.3351833186277,0.0,7.896675916593139e-05,0.0,7.896675916593139e-05,0.000491268602304425,9825.372046089582,906.69858395261,5640.764837348147,0.0,Qwen 3.5 9B | CPU / num_gpu=0
classification,Qwen 3.5 9B,qwen3.5:9b,gpu,A100 40GB / Ollama GPU,1.3529170343749968,0.002617902187496706,0.058768146874999996,1.2915309853125,4.513687457574633e-06,1.3529215480624543,64.75,96.0,160.75,8.545410922828072,258.27074869139875,46.69138954248366,194.63388504088647,266.8161596142268,0.0,1.3340807980711342e-05,0.0,1.3340807980711342e-05,8.300457290216906e-05,1660.0914580433814,194.63388504088647,1210.9140347372627,0.0,Qwen 3.5 9B | A100 40GB / Ollama GPU
rag_rank,BGE-M3,bge-m3:latest,cpu,CPU / num_gpu=0,0.17933960537510524,0.0016163237501052375,0.0,0.177723281625,0.00045366087499582497,0.17979326625010114,17.0,0.0,17.0,2.483232608062669,4.740300145418924,46.69138954248366,0.0,7.223532753481594,0.0,3.611766376740797e-07,0.0,3.611766376740797e-07,2.134775777398274e-05,426.9551554796548,2.483232608062669,146.74029056608836,,BGE-M3 | CPU / num_gpu=0
rag_rank,BGE-M3,bge-m3:latest,gpu,A100 40GB / Ollama GPU,0.17308558649989433,0.0015640176248943125,0.0,0.171521568875,0.000420757000085775,0.17350634349998012,17.0,0.0,17.0,2.2485729304347104,5.642184667017059,46.69138954248366,0.0,7.89075759745177,0.0,3.9453787987258843e-07,0.0,3.9453787987258843e-07,2.3302235710384128e-05,466.04471420768255,0.0,0.0,,BGE-M3 | A100 40GB / Ollama GPU
rag_rank,Nomic Embed Text,nomic-embed-text:latest,cpu,CPU / num_gpu=0,0.030040263374985388,0.0015390327499853875,0.0,0.028501230625,0.0003605491251050375,0.030400812500090475,15.25,0.0,15.25,0.7203509388623184,4.670100000000001,46.69138954248366,2.764402532791121,5.390450938862319,0.0,2.6952254694311594e-07,0.0,2.6952254694311594e-07,1.7754539776458163e-05,355.0907955291633,0.7203509388623184,47.34821149554982,,Nomic Embed Text | CPU / num_gpu=0
rag_rank,Nomic Embed Text,nomic-embed-text:latest,gpu,A100 40GB / Ollama GPU,0.05319122000003058,0.001378941500030575,0.0,0.051812278499999996,0.0003241112499949375,0.05351533125002556,15.25,0.0,15.25,2.5971756717965784,7.209274364069318,46.69138954248366,4.261194152502631,9.806450035865897,0.0,4.903225017932948e-07,0.0,4.903225017932948e-07,3.195898608733754e-05,639.1797217467508,4.261194152502631,282.70135323403906,,Nomic Embed Text | A100 40GB / Ollama GPU
rag_rank,Qwen3 Embed 0.6B,qwen3-embedding:0.6b,cpu,CPU / num_gpu=0,0.12641483999999534,0.0016869736249953125,0.0,0.124727866375,0.000455894249853325,0.1268707342498487,13.25,0.0,13.25,3.2062874185352546,4.734456901662967,46.69138954248366,0.0,7.940744320198221,0.0,3.970372160099111e-07,0.0,3.970372160099111e-07,3.0329391499791052e-05,606.587829995821,3.2062874185352546,244.47443627763167,,Qwen3 Embed 0.6B | CPU / num_gpu=0
rag_rank,Qwen3 Embed 0.6B,qwen3-embedding:0.6b,gpu,A100 40GB / Ollama GPU,0.10283814424991528,0.0015729419999152752,0.0,0.10126520224999999,0.00042777687491475,0.10326592112483006,13.25,0.0,13.25,0.4970849395494677,7.620728613959644,46.69138954248366,2.3392117517671354,8.117813553509112,0.0,4.058906776754556e-07,0.0,4.058906776754556e-07,3.106765492622729e-05,621.3530985245458,2.3392117517671354,179.65789691048633,,Qwen3 Embed 0.6B | A100 40GB / Ollama GPU
rag_rank,Qwen3 Embed 4B,qwen3-embedding:4b,cpu,CPU / num_gpu=0,0.24925621849996557,0.00192445149996555,0.0,0.247331767,0.0008708856249768,0.25012710412494243,13.25,0.0,13.25,10.303488148109926,9.421679015772998,46.69138954248366,0.0,19.725167163882922,0.0,9.862583581941462e-07,0.0,9.862583581941462e-07,7.527712137808074e-05,1505.5424275616147,10.303488148109926,784.9701877266357,,Qwen3 Embed 4B | CPU / num_gpu=0
rag_rank,Qwen3 Embed 4B,qwen3-embedding:4b,gpu,A100 40GB / Ollama GPU,0.10895299287506072,0.001689530625060725,0.0,0.10726346225,0.00081015200004225,0.10976314487510304,13.25,0.0,13.25,0.4984838245871786,8.856178026632314,46.69138954248366,3.2724499549935944,9.354661851219493,0.0,4.6773309256097463e-07,0.0,4.6773309256097463e-07,3.5718637361504367e-05,714.3727472300874,3.2724499549935944,249.72762686671774,,Qwen3 Embed 4B | A100 40GB / Ollama GPU
rag_rank,mxbai Embed Large,mxbai-embed-large:latest,cpu,CPU / num_gpu=0,0.0470108057499487,0.0015062719999487,0.0,0.04550453375,0.0004326711249973,0.04744347687494605,15.75,0.0,15.75,1.8970322675981128,4.6633000000000004,46.69138954248366,1.9575325110727029,6.560332267598113,0.0,3.2801661337990565e-07,0.0,3.2801661337990565e-07,2.1014145662076414e-05,420.2829132415283,1.8970322675981128,121.65962455105208,,mxbai Embed Large | CPU / num_gpu=0
rag_rank,mxbai Embed Large,mxbai-embed-large:latest,gpu,A100 40GB / Ollama GPU,0.0329697401250541,0.0013491136250541,0.0,0.0316206265,0.0003701608750361,0.03333990100009029,15.75,0.0,15.75,0.678672907066184,5.822437500000001,46.69138954248366,3.8155355354780784,6.501110407066185,0.0,3.250555203533093e-07,0.0,3.250555203533093e-07,2.0823765526093457e-05,416.4753105218692,3.8155355354780784,243.77895592703976,,mxbai Embed Large | A100 40GB / Ollama GPU
summarization,Gemma 3 4B,gemma3:4b,cpu,CPU / num_gpu=0,4.509646110333354,0.0036758065000211,0.9918141088333333,3.514156195,2.4531667198364935e-06,4.5096485635000745,157.33333333333334,96.0,253.33333333333334,257.3021432932013,208.27782756379847,46.69138954248367,0.0,465.57997085699975,0.0,2.3278998542849985e-05,0.0,2.3278998542849985e-05,9.20710037971284e-05,1841.4200759427565,257.3021432932013,1017.7075801831216,,Gemma 3 4B | CPU / num_gpu=0
summarization,Gemma 3 4B,gemma3:4b,gpu,A100 40GB / Ollama GPU,1.1252198501666346,0.003325751833301334,0.0286661725,1.0932279258333335,1.9753333617700264e-06,1.1252218254999964,157.33333333333334,96.0,253.33333333333334,6.731947169180162,164.96670421731025,46.69138954248367,111.96024159492349,171.6986513864904,0.0,8.58493256932452e-06,0.0,8.58493256932452e-06,3.40257813406217e-05,680.5156268124339,111.96024159492349,443.88481145432576,,Gemma 3 4B | A100 40GB / Ollama GPU
summarization,Llama 3.2 3B,llama3.2:3b,cpu,CPU / num_gpu=0,3.379324473333251,0.002253896833250933,0.8264711571666666,2.5505994193333335,1.6768332595044437e-06,3.3793261501665106,166.0,96.0,262.0,197.9510580474464,155.69909879219242,46.69138954248367,0.0,353.65015683963884,0.0,1.7682507841981942e-05,0.0,1.7682507841981942e-05,6.761291942629953e-05,1352.2583885259908,197.9510580474464,756.9682489041712,,Llama 3.2 3B | CPU / num_gpu=0
summarization,Llama 3.2 3B,llama3.2:3b,gpu,A100 40GB / Ollama GPU,0.6512437918333944,0.002088453333394367,0.021468247833333332,0.6276870906666666,1.7869999737740727e-06,0.6512455788333682,166.0,96.0,262.0,3.0002026457259814,106.38109923311193,46.69138954248367,75.50948720332472,109.3813018788379,0.0,5.469065093941895e-06,0.0,5.469065093941895e-06,2.093875057232206e-05,418.77501144644117,75.50948720332472,289.25008037735665,,Llama 3.2 3B | A100 40GB / Ollama GPU
summarization,Mistral Small 3.2 24B,mistral-small3.2:24b,cpu,CPU / num_gpu=0,18.617600027166645,0.00360031149997885,5.9813955021666665,12.6326042135,2.1768332771898713e-06,18.617602203999922,148.33333333333334,96.0,244.33333333333334,1187.6885644596266,867.5345294708906,46.69138954248367,0.0,2055.223093930517,0.0,0.00010276115469650103,0.0,0.00010276115469650103,0.00042149268409245004,8429.853681849789,1187.6885644596266,4871.311152002472,,Mistral Small 3.2 24B | CPU / num_gpu=0
summarization,Mistral Small 3.2 24B,mistral-small3.2:24b,gpu,A100 40GB / Ollama GPU,1.8956313294999443,0.0030202138332775,0.08847902216666666,1.8041320935,1.9566666651371634e-06,1.8956332861666094,148.33333333333334,96.0,244.33333333333334,9.156886988008871,553.7842255683595,46.69138954248367,464.8099624589723,562.9411125563684,0.0,2.814705562781842e-05,0.0,2.814705562781842e-05,0.00011555876523413332,2311.1753046834897,464.8099624589723,1908.41838750672,,Mistral Small 3.2 24B | A100 40GB / Ollama GPU
summarization,Qwen 3.5 0.8B,qwen3.5:0.8b,cpu,CPU / num_gpu=0,5.07042056450003,0.0027361180000305164,0.451566799,4.6161176475,1.839999905920801e-06,5.070422404499936,159.33333333333334,96.0,255.33333333333334,301.469994969955,234.80853671911106,46.69138954248367,0.0,536.2785316890661,0.0,2.6813926584453305e-05,0.0,2.6813926584453305e-05,0.00010523576460343339,2104.7152920693115,301.469994969955,1183.182999999404,,Qwen 3.5 0.8B | CPU / num_gpu=0
summarization,Qwen 3.5 0.8B,qwen3.5:0.8b,gpu,A100 40GB / Ollama GPU,0.8111107401666686,0.0027459415000018997,0.039996584,0.7683682146666667,1.7986667444347404e-06,0.811112538833413,159.33333333333334,96.0,255.33333333333334,6.196615529575602,80.5431549831288,46.69138954248367,42.2105547177591,86.73977051270441,0.0,4.3369885256352204e-06,0.0,4.3369885256352204e-06,1.6999634345291482e-05,339.99268690582966,42.2105547177591,165.24955026523156,,Qwen 3.5 0.8B | A100 40GB / Ollama GPU
summarization,Qwen 3.5 4B,qwen3.5:4b,cpu,CPU / num_gpu=0,13.571546633166653,0.0032700904999857666,2.196500470166667,11.3717760725,2.0235000116978577e-06,13.571548656666664,159.33333333333334,96.0,255.33333333333334,848.5415965565957,630.3399332752896,46.69138954248367,0.0,1478.8815298318852,0.0,7.394407649159426e-05,0.0,7.394407649159426e-05,0.0002900451801069167,5800.903602139259,848.5415965565957,3328.3495041717324,,Qwen 3.5 4B | CPU / num_gpu=0
summarization,Qwen 3.5 4B,qwen3.5:4b,gpu,A100 40GB / Ollama GPU,1.2178055221666757,0.0029492621666757,0.088307833,1.1265484270000001,1.858333386432302e-06,1.2178073805000622,159.33333333333334,96.0,255.33333333333334,10.221237356745457,174.65010307783712,46.69138954248367,116.86006492089409,184.87134043458255,0.0,9.243567021729128e-06,0.0,9.243567021729128e-06,3.627242180643829e-05,725.4484361287658,116.86006492089409,458.09823542788513,,Qwen 3.5 4B | A100 40GB / Ollama GPU
summarization,Qwen 3.5 9B,qwen3.5:9b,cpu,CPU / num_gpu=0,16.429021578833385,0.004466022500051117,3.295984473666667,13.128571082666667,2.1418333062683814e-06,16.42902372066669,159.33333333333334,96.0,255.33333333333334,1032.5660996456593,765.1359830864473,46.69138954248367,0.0,1797.7020827321066,0.0,8.988510413660533e-05,0.0,8.988510413660533e-05,0.0003526491872381334,7052.9837447638065,1032.5660996456593,4051.0596191426066,,Qwen 3.5 9B | CPU / num_gpu=0
summarization,Qwen 3.5 9B,qwen3.5:9b,gpu,A100 40GB / Ollama GPU,1.4141912196667665,0.0027759171667665838,0.10258106016666667,1.3088342423333332,2.1115000284529137e-06,1.4141933311667951,159.33333333333334,96.0,255.33333333333334,10.765255518157474,258.034757729806,46.69138954248367,191.53153496839082,268.8000132479635,0.0,1.3440000662398176e-05,0.0,1.3440000662398176e-05,5.27612905859921e-05,1055.2258117198419,191.53153496839082,751.301113087056,,Qwen 3.5 9B | A100 40GB / Ollama GPU
